EXTERNAL,Demo Course,EXTERNAL,EC1,Term
EXTERNAL,Demo Course,EXTERNAL,EC2,Term
EXTERNAL,Demo Course,EXTERNAL,EC3,Term
EXTERNAL,Demo Course,EXTERNAL,EC4,Term
EXTERNAL,Demo Course,EXTERNAL,EC5,Term
EXTERNAL,Demo Course,EXTERNAL,EC6,Term
EXTERNAL,Demo Course,EXTERNAL,EC7,Term
EXTERNAL,Demo Course,EXTERNAL,EC8,Term
EXTERNAL,Demo Course,EXTERNAL,EC9,Term
EXTERNAL,Demo Course,EXTERNAL,EC10,Term
EXTERNAL,Demo Course,EXTERNAL,EC11,Term
EXTERNAL,Demo Course,EXTERNAL,EC12,Term
EXTERNAL,Demo Course,EXTERNAL,EC13,Term
EXTERNAL,Demo Course,EXTERNAL,EC14,Term
EXTERNAL,Demo Course,EXTERNAL,EC15,Term
EXTERNAL,Demo Course,EXTERNAL,EC16,Term
EXTERNAL,Demo Course,EXTERNAL,EC17,Term
EXTERNAL,Demo Course,EXTERNAL,EC18,Term
EXTERNAL,Demo Course,EXTERNAL,EC19,Term
EXTERNAL,Demo Course,EXTERNAL,EC20,Term
EXTERNAL,Demo Course,EXTERNAL,EC21,Term
EXTERNAL,Demo Course,EXTERNAL,EC22,Term
EXTERNAL,Demo Course,EXTERNAL,EC23,Term
EXTERNAL,Demo Course,EXTERNAL,EC24,Term
EXTERNAL,Demo Course,EXTERNAL,EC25,Term
EXTERNAL,Demo Course,EXTERNAL,EC26,Term
EXTERNAL,Demo Course,EXTERNAL,EC27,Term
EXTERNAL,Demo Course,EXTERNAL,EC28,Term
EXTERNAL,Demo Course,EXTERNAL,EC29,Term
EXTERNAL,Demo Course,EXTERNAL,EC30,Term
EXTERNAL,Demo Course,EXTERNAL,EC31,Term
EXTERNAL,Demo Course,EXTERNAL,EC32,Term
EXTERNAL,Demo Course,EXTERNAL,EC33,Term
EXTERNAL,Demo Course,EXTERNAL,EC34,Term
EXTERNAL,Demo Course,EXTERNAL,EC35,Term
EXTERNAL,Demo Course,EXTERNAL,EC36,Term
EXTERNAL,Demo Course,EXTERNAL,EC37,Term
EXTERNAL,Demo Course,EXTERNAL,EC38,Term
EXTERNAL,Demo Course,EXTERNAL,EC39,Term
EXTERNAL,Demo Course,EXTERNAL,EC40,Term
EXTERNAL,Demo Course,EXTERNAL,EC41,Term
EXTERNAL,Demo Course,EXTERNAL,EC42,Term
EXTERNAL,Demo Course,EXTERNAL,EC43,Term
EXTERNAL,Demo Course,EXTERNAL,EC44,Term
EXTERNAL,Demo Course,EXTERNAL,EC45,Term
EXTERNAL,Demo Course,EXTERNAL,EC46,Term
EXTERNAL,Demo Course,EXTERNAL,EC47,Term
EXTERNAL,Demo Course,EXTERNAL,EC48,Term
EXTERNAL,Demo Course,EXTERNAL,EC49,Term
EXTERNAL,Demo Course,EXTERNAL,EC50,Term
EXTERNAL,Demo Course,EXTERNAL,EC51,Term
EXTERNAL,Demo Course,EXTERNAL,EC52,Term
EXTERNAL,Demo Course,EXTERNAL,EC53,Term
EXTERNAL,Demo Course,EXTERNAL,EC54,Term
EXTERNAL,Demo Course,EXTERNAL,EC55,Term
EXTERNAL,Demo Course,EXTERNAL,EC56,Term
EXTERNAL,Demo Course,EXTERNAL,EC57,Term
EXTERNAL,Demo Course,EXTERNAL,EC58,Term
EXTERNAL,Demo Course,EXTERNAL,EC59,Term
EXTERNAL,Demo Course,EXTERNAL,EC60,Term
EXTERNAL,Demo Course,EXTERNAL,EC61,Term
EXTERNAL,Demo Course,EXTERNAL,EC62,Term
EXTERNAL,Demo Course,EXTERNAL,EC63,Term
EXTERNAL,Demo Course,EXTERNAL,EC64,Term
EXTERNAL,Demo Course,EXTERNAL,EC65,Term
EXTERNAL,Demo Course,EXTERNAL,EC66,Term
EXTERNAL,Demo Course,EXTERNAL,EC67,Term
EXTERNAL,Demo Course,EXTERNAL,EC68,Term
EXTERNAL,Demo Course,EXTERNAL,EC69,Term
EXTERNAL,Demo Course,EXTERNAL,EC70,Term
EXTERNAL,Demo Course,EXTERNAL,EC71,Term
EXTERNAL,Demo Course,EXTERNAL,EC72,Term
EXTERNAL,Demo Course,EXTERNAL,EC73,Term
EXTERNAL,Demo Course,EXTERNAL,EC74,Term
EXTERNAL,Demo Course,EXTERNAL,EC75,Term
EXTERNAL,Demo Course,EXTERNAL,EC76,Term
EXTERNAL,Demo Course,EXTERNAL,EC77,Term
EXTERNAL,Demo Course,EXTERNAL,EC78,Term
EXTERNAL,Demo Course,EXTERNAL,EC79,Term
EXTERNAL,Demo Course,EXTERNAL,EC80,Term
EXTERNAL,Demo Course,EXTERNAL,EC81,Term
EXTERNAL,Demo Course,EXTERNAL,EC82,Term
EXTERNAL,Demo Course,EXTERNAL,EC83,Term
EXTERNAL,Demo Course,EXTERNAL,EC84,Term
EXTERNAL,Demo Course,EXTERNAL,EC85,Term
EXTERNAL,Demo Course,EXTERNAL,EC86,Term
EXTERNAL,Demo Course,EXTERNAL,EC87,Term
EXTERNAL,Demo Course,EXTERNAL,EC88,Term
EXTERNAL,Demo Course,EXTERNAL,EC89,Term
EXTERNAL,Demo Course,EXTERNAL,EC90,Term
EXTERNAL,Demo Course,EXTERNAL,EC91,Term
EXTERNAL,Demo Course,EXTERNAL,EC92,Term
EXTERNAL,Demo Course,EXTERNAL,EC93,Term
EXTERNAL,Demo Course,EXTERNAL,EC94,Term
EXTERNAL,Demo Course,EXTERNAL,EC95,Term
EXTERNAL,Demo Course,EXTERNAL,EC96,Term
EXTERNAL,Demo Course,EXTERNAL,EC97,Term
EXTERNAL,Demo Course,EXTERNAL,EC98,Term
EXTERNAL,Demo Course,EXTERNAL,EC99,Term
EXTERNAL,Demo Course,EXTERNAL,EC100,Term
EXTERNAL,Demo Course,EXTERNAL,EC101,Term
EXTERNAL,Demo Course,EXTERNAL,EC102,Term
EXTERNAL,Demo Course,EXTERNAL,EC103,Term
EXTERNAL,Demo Course,EXTERNAL,EC104,Term
EXTERNAL,Demo Course,EXTERNAL,EC105,Term
EXTERNAL,Demo Course,EXTERNAL,EC106,Term
EXTERNAL,Demo Course,EXTERNAL,EC107,Term
EXTERNAL,Demo Course,EXTERNAL,EC108,Term
EXTERNAL,Demo Course,EXTERNAL,EC109,Term
EXTERNAL,Demo Course,EXTERNAL,EC110,Term
EXTERNAL,Demo Course,EXTERNAL,EC111,Term
EXTERNAL,Demo Course,EXTERNAL,EC112,Term
EXTERNAL,Demo Course,EXTERNAL,EC113,Term
EXTERNAL,Demo Course,EXTERNAL,EC114,Term
EXTERNAL,Demo Course,EXTERNAL,EC115,Term
EXTERNAL,Demo Course,EXTERNAL,EC116,Term
EXTERNAL,Demo Course,EXTERNAL,EC117,Term
EXTERNAL,Demo Course,EXTERNAL,EC118,Term
EXTERNAL,Demo Course,EXTERNAL,EC119,Term
EXTERNAL,Demo Course,EXTERNAL,EC120,Term
EXTERNAL,Demo Course,EXTERNAL,EC121,Term
EXTERNAL,Demo Course,EXTERNAL,EC122,Term
EXTERNAL,Demo Course,EXTERNAL,EC123,Term
EXTERNAL,Demo Course,EXTERNAL,EC124,Term
EXTERNAL,Demo Course,EXTERNAL,EC125,Term
EXTERNAL,Demo Course,EXTERNAL,EC126,Term
EXTERNAL,Demo Course,EXTERNAL,EC127,Term
EXTERNAL,Demo Course,EXTERNAL,EC128,Term
EXTERNAL,Demo Course,EXTERNAL,EC129,Term
EXTERNAL,Demo Course,EXTERNAL,EC130,Term
EXTERNAL,Demo Course,EXTERNAL,EC131,Term
EXTERNAL,Demo Course,EXTERNAL,EC132,Term
EXTERNAL,Demo Course,EXTERNAL,EC133,Term
EXTERNAL,Demo Course,EXTERNAL,EC134,Term
EXTERNAL,Demo Course,EXTERNAL,EC135,Term
EXTERNAL,Demo Course,EXTERNAL,EC136,Term
EXTERNAL,Demo Course,EXTERNAL,EC137,Term
EXTERNAL,Demo Course,EXTERNAL,EC138,Term
EXTERNAL,Demo Course,EXTERNAL,EC139,Term
EXTERNAL,Demo Course,EXTERNAL,EC140,Term
EXTERNAL,Demo Course,EXTERNAL,EC141,Term
EXTERNAL,Demo Course,EXTERNAL,EC142,Term
EXTERNAL,Demo Course,EXTERNAL,EC143,Term
EXTERNAL,Demo Course,EXTERNAL,EC144,Term
EXTERNAL,Demo Course,EXTERNAL,EC145,Term
EXTERNAL,Demo Course,EXTERNAL,EC146,Term
EXTERNAL,Demo Course,EXTERNAL,EC147,Term
EXTERNAL,Demo Course,EXTERNAL,EC148,Term
EXTERNAL,Demo Course,EXTERNAL,EC149,Term
EXTERNAL,Demo Course,EXTERNAL,EC150,Term
EXTERNAL,Demo Course,EXTERNAL,EC151,Term
EXTERNAL,Demo Course,EXTERNAL,EC152,Term
EXTERNAL,Demo Course,EXTERNAL,EC153,Term
EXTERNAL,Demo Course,EXTERNAL,EC154,Term
EXTERNAL,Demo Course,EXTERNAL,EC155,Term
EXTERNAL,Demo Course,EXTERNAL,EC156,Term
EXTERNAL,Demo Course,EXTERNAL,EC157,Term
EXTERNAL,Demo Course,EXTERNAL,EC158,Term
EXTERNAL,Demo Course,EXTERNAL,EC159,Term
EXTERNAL,Demo Course,EXTERNAL,EC160,Term
EXTERNAL,Demo Course,EXTERNAL,EC161,Term
EXTERNAL,Demo Course,EXTERNAL,EC162,Term
EXTERNAL,Demo Course,EXTERNAL,EC163,Term
EXTERNAL,Demo Course,EXTERNAL,EC164,Term
EXTERNAL,Demo Course,EXTERNAL,EC165,Term
EXTERNAL,Demo Course,EXTERNAL,EC166,Term
EXTERNAL,Demo Course,EXTERNAL,EC167,Term
EXTERNAL,Demo Course,EXTERNAL,EC168,Term
EXTERNAL,Demo Course,EXTERNAL,EC169,Term
EXTERNAL,Demo Course,EXTERNAL,EC170,Term
EXTERNAL,Demo Course,EXTERNAL,EC171,Term
EXTERNAL,Demo Course,EXTERNAL,EC172,Term
EXTERNAL,Demo Course,EXTERNAL,EC173,Term
EXTERNAL,Demo Course,EXTERNAL,EC174,Term
EXTERNAL,Demo Course,EXTERNAL,EC175,Term
EXTERNAL,Demo Course,EXTERNAL,EC176,Term
EXTERNAL,Demo Course,EXTERNAL,EC177,Term
EXTERNAL,Demo Course,EXTERNAL,EC178,Term
EXTERNAL,Demo Course,EXTERNAL,EC179,Term
EXTERNAL,Demo Course,EXTERNAL,EC180,Term
EXTERNAL,Demo Course,EXTERNAL,EC181,Term
EXTERNAL,Demo Course,EXTERNAL,EC182,Term
EXTERNAL,Demo Course,EXTERNAL,EC183,Term
EXTERNAL,Demo Course,EXTERNAL,EC184,Term
EXTERNAL,Demo Course,EXTERNAL,EC185,Term
EXTERNAL,Demo Course,EXTERNAL,EC186,Term
EXTERNAL,Demo Course,EXTERNAL,EC187,Term
EXTERNAL,Demo Course,EXTERNAL,EC188,Term
EXTERNAL,Demo Course,EXTERNAL,EC189,Term
EXTERNAL,Demo Course,EXTERNAL,EC190,Term
EXTERNAL,Demo Course,EXTERNAL,EC191,Term
EXTERNAL,Demo Course,EXTERNAL,EC192,Term
EXTERNAL,Demo Course,EXTERNAL,EC193,Term
EXTERNAL,Demo Course,EXTERNAL,EC194,Term
EXTERNAL,Demo Course,EXTERNAL,EC195,Term
EXTERNAL,Demo Course,EXTERNAL,EC196,Term
EXTERNAL,Demo Course,EXTERNAL,EC197,Term
EXTERNAL,Demo Course,EXTERNAL,EC198,Term
EXTERNAL,Demo Course,EXTERNAL,EC199,Term
EXTERNAL,Demo Course,EXTERNAL,EC200,Term
EXTERNAL,Demo Course,EXTERNAL,EC201,Term
EXTERNAL,Demo Course,EXTERNAL,EC202,Term
EXTERNAL,Demo Course,EXTERNAL,EC203,Term
EXTERNAL,Demo Course,EXTERNAL,EC204,Term
EXTERNAL,Demo Course,EXTERNAL,EC205,Term
EXTERNAL,Demo Course,EXTERNAL,EC206,Term
EXTERNAL,Demo Course,EXTERNAL,EC207,Term
EXTERNAL,Demo Course,EXTERNAL,EC208,Term
EXTERNAL,Demo Course,EXTERNAL,EC209,Term
EXTERNAL,Demo Course,EXTERNAL,EC210,Term
EXTERNAL,Demo Course,EXTERNAL,EC211,Term
EXTERNAL,Demo Course,EXTERNAL,EC212,Term
EXTERNAL,Demo Course,EXTERNAL,EC213,Term
EXTERNAL,Demo Course,EXTERNAL,EC214,Term
EXTERNAL,Demo Course,EXTERNAL,EC215,Term
EXTERNAL,Demo Course,EXTERNAL,EC216,Term
EXTERNAL,Demo Course,EXTERNAL,EC217,Term
EXTERNAL,Demo Course,EXTERNAL,EC218,Term
EXTERNAL,Demo Course,EXTERNAL,EC219,Term
EXTERNAL,Demo Course,EXTERNAL,EC220,Term
EXTERNAL,Demo Course,EXTERNAL,EC221,Term
EXTERNAL,Demo Course,EXTERNAL,EC222,Term
EXTERNAL,Demo Course,EXTERNAL,EC223,Term
EXTERNAL,Demo Course,EXTERNAL,EC224,Term
EXTERNAL,Demo Course,EXTERNAL,EC225,Term
EXTERNAL,Demo Course,EXTERNAL,EC226,Term
EXTERNAL,Demo Course,EXTERNAL,EC227,Term
EXTERNAL,Demo Course,EXTERNAL,EC228,Term
EXTERNAL,Demo Course,EXTERNAL,EC229,Term
EXTERNAL,Demo Course,EXTERNAL,EC230,Term
EXTERNAL,Demo Course,EXTERNAL,EC231,Term
EXTERNAL,Demo Course,EXTERNAL,EC232,Term
EXTERNAL,Demo Course,EXTERNAL,EC233,Term
EXTERNAL,Demo Course,EXTERNAL,EC234,Term
EXTERNAL,Demo Course,EXTERNAL,EC235,Term
EXTERNAL,Demo Course,EXTERNAL,EC236,Term
EXTERNAL,Demo Course,EXTERNAL,EC237,Term
EXTERNAL,Demo Course,EXTERNAL,EC238,Term
EXTERNAL,Demo Course,EXTERNAL,EC239,Term
EXTERNAL,Demo Course,EXTERNAL,EC240,Term
EXTERNAL,Demo Course,EXTERNAL,EC241,Term
EXTERNAL,Demo Course,EXTERNAL,EC242,Term
EXTERNAL,Demo Course,EXTERNAL,EC243,Term
EXTERNAL,Demo Course,EXTERNAL,EC244,Term
EXTERNAL,Demo Course,EXTERNAL,EC245,Term
EXTERNAL,Demo Course,EXTERNAL,EC246,Term
EXTERNAL,Demo Course,EXTERNAL,EC247,Term
EXTERNAL,Demo Course,EXTERNAL,EC248,Term
EXTERNAL,Demo Course,EXTERNAL,EC249,Term
EXTERNAL,Demo Course,EXTERNAL,EC250,Term
EXTERNAL,Demo Course,EXTERNAL,EC251,Term
EXTERNAL,Demo Course,EXTERNAL,EC252,Term
EXTERNAL,Demo Course,EXTERNAL,EC253,Term
EXTERNAL,Demo Course,EXTERNAL,EC254,Term
EXTERNAL,Demo Course,EXTERNAL,EC255,Term
EXTERNAL,Demo Course,EXTERNAL,EC256,Term
EXTERNAL,Demo Course,EXTERNAL,EC257,Term
EXTERNAL,Demo Course,EXTERNAL,EC258,Term
EXTERNAL,Demo Course,EXTERNAL,EC259,Term
EXTERNAL,Demo Course,EXTERNAL,EC260,Term
EXTERNAL,Demo Course,EXTERNAL,EC261,Term
EXTERNAL,Demo Course,EXTERNAL,EC262,Term
EXTERNAL,Demo Course,EXTERNAL,EC263,Term
EXTERNAL,Demo Course,EXTERNAL,EC264,Term
EXTERNAL,Demo Course,EXTERNAL,EC265,Term
EXTERNAL,Demo Course,EXTERNAL,EC266,Term
EXTERNAL,Demo Course,EXTERNAL,EC267,Term
EXTERNAL,Demo Course,EXTERNAL,EC268,Term
EXTERNAL,Demo Course,EXTERNAL,EC269,Term
EXTERNAL,Demo Course,EXTERNAL,EC270,Term
EXTERNAL,Demo Course,EXTERNAL,EC271,Term
EXTERNAL,Demo Course,EXTERNAL,EC272,Term
EXTERNAL,Demo Course,EXTERNAL,EC273,Term
EXTERNAL,Demo Course,EXTERNAL,EC274,Term
EXTERNAL,Demo Course,EXTERNAL,EC275,Term
EXTERNAL,Demo Course,EXTERNAL,EC276,Term
EXTERNAL,Demo Course,EXTERNAL,EC277,Term
EXTERNAL,Demo Course,EXTERNAL,EC278,Term
EXTERNAL,Demo Course,EXTERNAL,EC279,Term
EXTERNAL,Demo Course,EXTERNAL,EC280,Term
EXTERNAL,Demo Course,EXTERNAL,EC281,Term
EXTERNAL,Demo Course,EXTERNAL,EC282,Term
EXTERNAL,Demo Course,EXTERNAL,EC283,Term
EXTERNAL,Demo Course,EXTERNAL,EC284,Term
EXTERNAL,Demo Course,EXTERNAL,EC285,Term
EXTERNAL,Demo Course,EXTERNAL,EC286,Term
EXTERNAL,Demo Course,EXTERNAL,EC287,Term
EXTERNAL,Demo Course,EXTERNAL,EC288,Term
EXTERNAL,Demo Course,EXTERNAL,EC289,Term
EXTERNAL,Demo Course,EXTERNAL,EC290,Term
EXTERNAL,Demo Course,EXTERNAL,EC291,Term
EXTERNAL,Demo Course,EXTERNAL,EC292,Term
EXTERNAL,Demo Course,EXTERNAL,EC293,Term
EXTERNAL,Demo Course,EXTERNAL,EC294,Term
EXTERNAL,Demo Course,EXTERNAL,EC295,Term
EXTERNAL,Demo Course,EXTERNAL,EC296,Term
EXTERNAL,Demo Course,EXTERNAL,EC297,Term
EXTERNAL,Demo Course,EXTERNAL,EC298,Term
EXTERNAL,Demo Course,EXTERNAL,EC299,Term
EXTERNAL,Demo Course,EXTERNAL,EC300,Term
EXTERNAL,Demo Course,EXTERNAL,EC301,Term
EXTERNAL,Demo Course,EXTERNAL,EC302,Term
EXTERNAL,Demo Course,EXTERNAL,EC303,Term
EXTERNAL,Demo Course,EXTERNAL,EC304,Term
EXTERNAL,Demo Course,EXTERNAL,EC305,Term
EXTERNAL,Demo Course,EXTERNAL,EC306,Term
EXTERNAL,Demo Course,EXTERNAL,EC307,Term
EXTERNAL,Demo Course,EXTERNAL,EC308,Term
EXTERNAL,Demo Course,EXTERNAL,EC309,Term
EXTERNAL,Demo Course,EXTERNAL,EC310,Term
EXTERNAL,Demo Course,EXTERNAL,EC311,Term
EXTERNAL,Demo Course,EXTERNAL,EC312,Term
EXTERNAL,Demo Course,EXTERNAL,EC313,Term
EXTERNAL,Demo Course,EXTERNAL,EC314,Term
EXTERNAL,Demo Course,EXTERNAL,EC315,Term
EXTERNAL,Demo Course,EXTERNAL,EC316,Term
EXTERNAL,Demo Course,EXTERNAL,EC317,Term
EXTERNAL,Demo Course,EXTERNAL,EC318,Term
EXTERNAL,Demo Course,EXTERNAL,EC319,Term
EXTERNAL,Demo Course,EXTERNAL,EC320,Term
EXTERNAL,Demo Course,EXTERNAL,EC321,Term
EXTERNAL,Demo Course,EXTERNAL,EC322,Term
EXTERNAL,Demo Course,EXTERNAL,EC323,Term
EXTERNAL,Demo Course,EXTERNAL,EC324,Term
EXTERNAL,Demo Course,EXTERNAL,EC325,Term
EXTERNAL,Demo Course,EXTERNAL,EC326,Term
EXTERNAL,Demo Course,EXTERNAL,EC327,Term
EXTERNAL,Demo Course,EXTERNAL,EC328,Term
EXTERNAL,Demo Course,EXTERNAL,EC329,Term
EXTERNAL,Demo Course,EXTERNAL,EC330,Term
EXTERNAL,Demo Course,EXTERNAL,EC331,Term
EXTERNAL,Demo Course,EXTERNAL,EC332,Term
EXTERNAL,Demo Course,EXTERNAL,EC333,Term
EXTERNAL,Demo Course,EXTERNAL,EC334,Term
EXTERNAL,Demo Course,EXTERNAL,EC335,Term
EXTERNAL,Demo Course,EXTERNAL,EC336,Term
EXTERNAL,Demo Course,EXTERNAL,EC337,Term
EXTERNAL,Demo Course,EXTERNAL,EC338,Term
EXTERNAL,Demo Course,EXTERNAL,EC339,Term
EXTERNAL,Demo Course,EXTERNAL,EC340,Term
EXTERNAL,Demo Course,EXTERNAL,EC341,Term
EXTERNAL,Demo Course,EXTERNAL,EC342,Term
EXTERNAL,Demo Course,EXTERNAL,EC343,Term
EXTERNAL,Demo Course,EXTERNAL,EC344,Term
EXTERNAL,Demo Course,EXTERNAL,EC345,Term
EXTERNAL,Demo Course,EXTERNAL,EC346,Term
EXTERNAL,Demo Course,EXTERNAL,EC347,Term
EXTERNAL,Demo Course,EXTERNAL,EC348,Term
EXTERNAL,Demo Course,EXTERNAL,EC349,Term
EXTERNAL,Demo Course,EXTERNAL,EC350,Term
EXTERNAL,Demo Course,EXTERNAL,EC351,Term
EXTERNAL,Demo Course,EXTERNAL,EC352,Term
EXTERNAL,Demo Course,EXTERNAL,EC353,Term
EXTERNAL,Demo Course,EXTERNAL,EC354,Term
EXTERNAL,Demo Course,EXTERNAL,EC355,Term
EXTERNAL,Demo Course,EXTERNAL,EC356,Term
EXTERNAL,Demo Course,EXTERNAL,EC357,Term
EXTERNAL,Demo Course,EXTERNAL,EC358,Term
EXTERNAL,Demo Course,EXTERNAL,EC359,Term
EXTERNAL,Demo Course,EXTERNAL,EC360,Term
EXTERNAL,Demo Course,EXTERNAL,EC361,Term
EXTERNAL,Demo Course,EXTERNAL,EC362,Term
EXTERNAL,Demo Course,EXTERNAL,EC363,Term
EXTERNAL,Demo Course,EXTERNAL,EC364,Term
EXTERNAL,Demo Course,EXTERNAL,EC365,Term
EXTERNAL,Demo Course,EXTERNAL,EC366,Term
EXTERNAL,Demo Course,EXTERNAL,EC367,Term
EXTERNAL,Demo Course,EXTERNAL,EC368,Term
EXTERNAL,Demo Course,EXTERNAL,EC369,Term
EXTERNAL,Demo Course,EXTERNAL,EC370,Term
EXTERNAL,Demo Course,EXTERNAL,EC371,Term
EXTERNAL,Demo Course,EXTERNAL,EC372,Term
EXTERNAL,Demo Course,EXTERNAL,EC373,Term
EXTERNAL,Demo Course,EXTERNAL,EC374,Term
EXTERNAL,Demo Course,EXTERNAL,EC375,Term
EXTERNAL,Demo Course,EXTERNAL,EC376,Term
EXTERNAL,Demo Course,EXTERNAL,EC377,Term
EXTERNAL,Demo Course,EXTERNAL,EC378,Term
EXTERNAL,Demo Course,EXTERNAL,EC379,Term
EXTERNAL,Demo Course,EXTERNAL,EC380,Term
EXTERNAL,Demo Course,EXTERNAL,EC381,Term
EXTERNAL,Demo Course,EXTERNAL,EC382,Term
EXTERNAL,Demo Course,EXTERNAL,EC383,Term
EXTERNAL,Demo Course,EXTERNAL,EC384,Term
EXTERNAL,Demo Course,EXTERNAL,EC385,Term
EXTERNAL,Demo Course,EXTERNAL,EC386,Term
EXTERNAL,Demo Course,EXTERNAL,EC387,Term
EXTERNAL,Demo Course,EXTERNAL,EC388,Term
EXTERNAL,Demo Course,EXTERNAL,EC389,Term
EXTERNAL,Demo Course,EXTERNAL,EC390,Term
EXTERNAL,Demo Course,EXTERNAL,EC391,Term
EXTERNAL,Demo Course,EXTERNAL,EC392,Term
EXTERNAL,Demo Course,EXTERNAL,EC393,Term
EXTERNAL,Demo Course,EXTERNAL,EC394,Term
EXTERNAL,Demo Course,EXTERNAL,EC395,Term
EXTERNAL,Demo Course,EXTERNAL,EC396,Term
EXTERNAL,Demo Course,EXTERNAL,EC397,Term
EXTERNAL,Demo Course,EXTERNAL,EC398,Term
EXTERNAL,Demo Course,EXTERNAL,EC399,Term
EXTERNAL,Demo Course,EXTERNAL,EC400,Term
EXTERNAL,Demo Course,EXTERNAL,EC401,Term
EXTERNAL,Demo Course,EXTERNAL,EC402,Term
EXTERNAL,Demo Course,EXTERNAL,EC403,Term
EXTERNAL,Demo Course,EXTERNAL,EC404,Term
EXTERNAL,Demo Course,EXTERNAL,EC405,Term
EXTERNAL,Demo Course,EXTERNAL,EC406,Term
EXTERNAL,Demo Course,EXTERNAL,EC407,Term
EXTERNAL,Demo Course,EXTERNAL,EC408,Term
EXTERNAL,Demo Course,EXTERNAL,EC409,Term
EXTERNAL,Demo Course,EXTERNAL,EC410,Term
EXTERNAL,Demo Course,EXTERNAL,EC411,Term
EXTERNAL,Demo Course,EXTERNAL,EC412,Term
EXTERNAL,Demo Course,EXTERNAL,EC413,Term
EXTERNAL,Demo Course,EXTERNAL,EC414,Term
EXTERNAL,Demo Course,EXTERNAL,EC415,Term
EXTERNAL,Demo Course,EXTERNAL,EC416,Term
EXTERNAL,Demo Course,EXTERNAL,EC417,Term
EXTERNAL,Demo Course,EXTERNAL,EC418,Term
EXTERNAL,Demo Course,EXTERNAL,EC419,Term
EXTERNAL,Demo Course,EXTERNAL,EC420,Term
EXTERNAL,Demo Course,EXTERNAL,EC421,Term
EXTERNAL,Demo Course,EXTERNAL,EC422,Term
EXTERNAL,Demo Course,EXTERNAL,EC423,Term
EXTERNAL,Demo Course,EXTERNAL,EC424,Term
EXTERNAL,Demo Course,EXTERNAL,EC425,Term
EXTERNAL,Demo Course,EXTERNAL,EC426,Term
EXTERNAL,Demo Course,EXTERNAL,EC427,Term
EXTERNAL,Demo Course,EXTERNAL,EC428,Term
EXTERNAL,Demo Course,EXTERNAL,EC429,Term
EXTERNAL,Demo Course,EXTERNAL,EC430,Term
EXTERNAL,Demo Course,EXTERNAL,EC431,Term
EXTERNAL,Demo Course,EXTERNAL,EC432,Term
EXTERNAL,Demo Course,EXTERNAL,EC433,Term
EXTERNAL,Demo Course,EXTERNAL,EC434,Term
EXTERNAL,Demo Course,EXTERNAL,EC435,Term
EXTERNAL,Demo Course,EXTERNAL,EC436,Term
EXTERNAL,Demo Course,EXTERNAL,EC437,Term
EXTERNAL,Demo Course,EXTERNAL,EC438,Term
EXTERNAL,Demo Course,EXTERNAL,EC439,Term
EXTERNAL,Demo Course,EXTERNAL,EC440,Term
EXTERNAL,Demo Course,EXTERNAL,EC441,Term
EXTERNAL,Demo Course,EXTERNAL,EC442,Term
EXTERNAL,Demo Course,EXTERNAL,EC443,Term
EXTERNAL,Demo Course,EXTERNAL,EC444,Term
EXTERNAL,Demo Course,EXTERNAL,EC445,Term
EXTERNAL,Demo Course,EXTERNAL,EC446,Term
EXTERNAL,Demo Course,EXTERNAL,EC447,Term
EXTERNAL,Demo Course,EXTERNAL,EC448,Term
EXTERNAL,Demo Course,EXTERNAL,EC449,Term
EXTERNAL,Demo Course,EXTERNAL,EC450,Term
EXTERNAL,Demo Course,EXTERNAL,EC451,Term
EXTERNAL,Demo Course,EXTERNAL,EC452,Term
EXTERNAL,Demo Course,EXTERNAL,EC453,Term
EXTERNAL,Demo Course,EXTERNAL,EC454,Term
EXTERNAL,Demo Course,EXTERNAL,EC455,Term
EXTERNAL,Demo Course,EXTERNAL,EC456,Term
EXTERNAL,Demo Course,EXTERNAL,EC457,Term
EXTERNAL,Demo Course,EXTERNAL,EC458,Term
EXTERNAL,Demo Course,EXTERNAL,EC459,Term
EXTERNAL,Demo Course,EXTERNAL,EC460,Term
EXTERNAL,Demo Course,EXTERNAL,EC461,Term
EXTERNAL,Demo Course,EXTERNAL,EC462,Term
EXTERNAL,Demo Course,EXTERNAL,EC463,Term
EXTERNAL,Demo Course,EXTERNAL,EC464,Term
EXTERNAL,Demo Course,EXTERNAL,EC465,Term
EXTERNAL,Demo Course,EXTERNAL,EC466,Term
EXTERNAL,Demo Course,EXTERNAL,EC467,Term
EXTERNAL,Demo Course,EXTERNAL,EC468,Term
EXTERNAL,Demo Course,EXTERNAL,EC469,Term
EXTERNAL,Demo Course,EXTERNAL,EC470,Term
EXTERNAL,Demo Course,EXTERNAL,EC471,Term
EXTERNAL,Demo Course,EXTERNAL,EC472,Term
EXTERNAL,Demo Course,EXTERNAL,EC473,Term
EXTERNAL,Demo Course,EXTERNAL,EC474,Term
EXTERNAL,Demo Course,EXTERNAL,EC475,Term
EXTERNAL,Demo Course,EXTERNAL,EC476,Term
EXTERNAL,Demo Course,EXTERNAL,EC477,Term
EXTERNAL,Demo Course,EXTERNAL,EC478,Term
EXTERNAL,Demo Course,EXTERNAL,EC479,Term
EXTERNAL,Demo Course,EXTERNAL,EC480,Term
EXTERNAL,Demo Course,EXTERNAL,EC481,Term
EXTERNAL,Demo Course,EXTERNAL,EC482,Term
EXTERNAL,Demo Course,EXTERNAL,EC483,Term
EXTERNAL,Demo Course,EXTERNAL,EC484,Term
EXTERNAL,Demo Course,EXTERNAL,EC485,Term
EXTERNAL,Demo Course,EXTERNAL,EC486,Term
EXTERNAL,Demo Course,EXTERNAL,EC487,Term
EXTERNAL,Demo Course,EXTERNAL,EC488,Term
EXTERNAL,Demo Course,EXTERNAL,EC489,Term
EXTERNAL,Demo Course,EXTERNAL,EC490,Term
EXTERNAL,Demo Course,EXTERNAL,EC491,Term
EXTERNAL,Demo Course,EXTERNAL,EC492,Term
EXTERNAL,Demo Course,EXTERNAL,EC493,Term
EXTERNAL,Demo Course,EXTERNAL,EC494,Term
EXTERNAL,Demo Course,EXTERNAL,EC495,Term
EXTERNAL,Demo Course,EXTERNAL,EC496,Term
EXTERNAL,Demo Course,EXTERNAL,EC497,Term
EXTERNAL,Demo Course,EXTERNAL,EC498,Term
EXTERNAL,Demo Course,EXTERNAL,EC499,Term
EXTERNAL,Demo Course,EXTERNAL,EC500,Term
EXTERNAL,Demo Course,EXTERNAL,EC501,Term
EXTERNAL,Demo Course,EXTERNAL,EC502,Term
EXTERNAL,Demo Course,EXTERNAL,EC503,Term
EXTERNAL,Demo Course,EXTERNAL,EC504,Term
EXTERNAL,Demo Course,EXTERNAL,EC505,Term
EXTERNAL,Demo Course,EXTERNAL,EC506,Term
EXTERNAL,Demo Course,EXTERNAL,EC507,Term
EXTERNAL,Demo Course,EXTERNAL,EC508,Term
EXTERNAL,Demo Course,EXTERNAL,EC509,Term
EXTERNAL,Demo Course,EXTERNAL,EC510,Term
EXTERNAL,Demo Course,EXTERNAL,EC511,Term
EXTERNAL,Demo Course,EXTERNAL,EC512,Term
EXTERNAL,Demo Course,EXTERNAL,EC513,Term
EXTERNAL,Demo Course,EXTERNAL,EC514,Term
EXTERNAL,Demo Course,EXTERNAL,EC515,Term
EXTERNAL,Demo Course,EXTERNAL,EC516,Term
EXTERNAL,Demo Course,EXTERNAL,EC517,Term
EXTERNAL,Demo Course,EXTERNAL,EC518,Term
EXTERNAL,Demo Course,EXTERNAL,EC519,Term
EXTERNAL,Demo Course,EXTERNAL,EC520,Term
EXTERNAL,Demo Course,EXTERNAL,EC521,Term
EXTERNAL,Demo Course,EXTERNAL,EC522,Term
EXTERNAL,Demo Course,EXTERNAL,EC523,Term
EXTERNAL,Demo Course,EXTERNAL,EC524,Term
EXTERNAL,Demo Course,EXTERNAL,EC525,Term
EXTERNAL,Demo Course,EXTERNAL,EC526,Term
EXTERNAL,Demo Course,EXTERNAL,EC527,Term
EXTERNAL,Demo Course,EXTERNAL,EC528,Term
EXTERNAL,Demo Course,EXTERNAL,EC529,Term
EXTERNAL,Demo Course,EXTERNAL,EC530,Term
EXTERNAL,Demo Course,EXTERNAL,EC531,Term
EXTERNAL,Demo Course,EXTERNAL,EC532,Term
EXTERNAL,Demo Course,EXTERNAL,EC533,Term
EXTERNAL,Demo Course,EXTERNAL,EC534,Term
EXTERNAL,Demo Course,EXTERNAL,EC535,Term
EXTERNAL,Demo Course,EXTERNAL,EC536,Term
EXTERNAL,Demo Course,EXTERNAL,EC537,Term
EXTERNAL,Demo Course,EXTERNAL,EC538,Term
EXTERNAL,Demo Course,EXTERNAL,EC539,Term
EXTERNAL,Demo Course,EXTERNAL,EC540,Term
EXTERNAL,Demo Course,EXTERNAL,EC541,Term
EXTERNAL,Demo Course,EXTERNAL,EC542,Term
EXTERNAL,Demo Course,EXTERNAL,EC543,Term
EXTERNAL,Demo Course,EXTERNAL,EC544,Term
EXTERNAL,Demo Course,EXTERNAL,EC545,Term
EXTERNAL,Demo Course,EXTERNAL,EC546,Term
EXTERNAL,Demo Course,EXTERNAL,EC547,Term
EXTERNAL,Demo Course,EXTERNAL,EC548,Term
EXTERNAL,Demo Course,EXTERNAL,EC549,Term
EXTERNAL,Demo Course,EXTERNAL,EC550,Term
EXTERNAL,Demo Course,EXTERNAL,EC551,Term
EXTERNAL,Demo Course,EXTERNAL,EC552,Term
EXTERNAL,Demo Course,EXTERNAL,EC553,Term
EXTERNAL,Demo Course,EXTERNAL,EC554,Term
EXTERNAL,Demo Course,EXTERNAL,EC555,Term
EXTERNAL,Demo Course,EXTERNAL,EC556,Term
EXTERNAL,Demo Course,EXTERNAL,EC557,Term
EXTERNAL,Demo Course,EXTERNAL,EC558,Term
EXTERNAL,Demo Course,EXTERNAL,EC559,Term
EXTERNAL,Demo Course,EXTERNAL,EC560,Term
EXTERNAL,Demo Course,EXTERNAL,EC561,Term
EXTERNAL,Demo Course,EXTERNAL,EC562,Term
EXTERNAL,Demo Course,EXTERNAL,EC563,Term
EXTERNAL,Demo Course,EXTERNAL,EC564,Term
EXTERNAL,Demo Course,EXTERNAL,EC565,Term
EXTERNAL,Demo Course,EXTERNAL,EC566,Term
EXTERNAL,Demo Course,EXTERNAL,EC567,Term
EXTERNAL,Demo Course,EXTERNAL,EC568,Term
EXTERNAL,Demo Course,EXTERNAL,EC569,Term
EXTERNAL,Demo Course,EXTERNAL,EC570,Term
EXTERNAL,Demo Course,EXTERNAL,EC571,Term
EXTERNAL,Demo Course,EXTERNAL,EC572,Term
EXTERNAL,Demo Course,EXTERNAL,EC573,Term
EXTERNAL,Demo Course,EXTERNAL,EC574,Term
EXTERNAL,Demo Course,EXTERNAL,EC575,Term
EXTERNAL,Demo Course,EXTERNAL,EC576,Term
EXTERNAL,Demo Course,EXTERNAL,EC577,Term
EXTERNAL,Demo Course,EXTERNAL,EC578,Term
EXTERNAL,Demo Course,EXTERNAL,EC579,Term
EXTERNAL,Demo Course,EXTERNAL,EC580,Term
EXTERNAL,Demo Course,EXTERNAL,EC581,Term
EXTERNAL,Demo Course,EXTERNAL,EC582,Term
EXTERNAL,Demo Course,EXTERNAL,EC583,Term
EXTERNAL,Demo Course,EXTERNAL,EC584,Term
EXTERNAL,Demo Course,EXTERNAL,EC585,Term
EXTERNAL,Demo Course,EXTERNAL,EC586,Term
EXTERNAL,Demo Course,EXTERNAL,EC587,Term
EXTERNAL,Demo Course,EXTERNAL,EC588,Term
EXTERNAL,Demo Course,EXTERNAL,EC589,Term
EXTERNAL,Demo Course,EXTERNAL,EC590,Term
EXTERNAL,Demo Course,EXTERNAL,EC591,Term
EXTERNAL,Demo Course,EXTERNAL,EC592,Term
EXTERNAL,Demo Course,EXTERNAL,EC593,Term
EXTERNAL,Demo Course,EXTERNAL,EC594,Term
EXTERNAL,Demo Course,EXTERNAL,EC595,Term
EXTERNAL,Demo Course,EXTERNAL,EC596,Term
EXTERNAL,Demo Course,EXTERNAL,EC597,Term
EXTERNAL,Demo Course,EXTERNAL,EC598,Term
EXTERNAL,Demo Course,EXTERNAL,EC599,Term
EXTERNAL,Demo Course,EXTERNAL,EC600,Term
EXTERNAL,Demo Course,EXTERNAL,EC601,Term
EXTERNAL,Demo Course,EXTERNAL,EC602,Term
EXTERNAL,Demo Course,EXTERNAL,EC603,Term
EXTERNAL,Demo Course,EXTERNAL,EC604,Term
EXTERNAL,Demo Course,EXTERNAL,EC605,Term
EXTERNAL,Demo Course,EXTERNAL,EC606,Term
EXTERNAL,Demo Course,EXTERNAL,EC607,Term
EXTERNAL,Demo Course,EXTERNAL,EC608,Term
EXTERNAL,Demo Course,EXTERNAL,EC609,Term
EXTERNAL,Demo Course,EXTERNAL,EC610,Term
EXTERNAL,Demo Course,EXTERNAL,EC611,Term
EXTERNAL,Demo Course,EXTERNAL,EC612,Term
EXTERNAL,Demo Course,EXTERNAL,EC613,Term
EXTERNAL,Demo Course,EXTERNAL,EC614,Term
EXTERNAL,Demo Course,EXTERNAL,EC615,Term
EXTERNAL,Demo Course,EXTERNAL,EC616,Term
EXTERNAL,Demo Course,EXTERNAL,EC617,Term
EXTERNAL,Demo Course,EXTERNAL,EC618,Term
EXTERNAL,Demo Course,EXTERNAL,EC619,Term
EXTERNAL,Demo Course,EXTERNAL,EC620,Term
EXTERNAL,Demo Course,EXTERNAL,EC621,Term
EXTERNAL,Demo Course,EXTERNAL,EC622,Term
EXTERNAL,Demo Course,EXTERNAL,EC623,Term
EXTERNAL,Demo Course,EXTERNAL,EC624,Term
EXTERNAL,Demo Course,EXTERNAL,EC625,Term
EXTERNAL,Demo Course,EXTERNAL,EC626,Term
EXTERNAL,Demo Course,EXTERNAL,EC627,Term
EXTERNAL,Demo Course,EXTERNAL,EC628,Term
EXTERNAL,Demo Course,EXTERNAL,EC629,Term
EXTERNAL,Demo Course,EXTERNAL,EC630,Term
EXTERNAL,Demo Course,EXTERNAL,EC631,Term
EXTERNAL,Demo Course,EXTERNAL,EC632,Term
EXTERNAL,Demo Course,EXTERNAL,EC633,Term
EXTERNAL,Demo Course,EXTERNAL,EC634,Term
EXTERNAL,Demo Course,EXTERNAL,EC635,Term
EXTERNAL,Demo Course,EXTERNAL,EC636,Term
EXTERNAL,Demo Course,EXTERNAL,EC637,Term
EXTERNAL,Demo Course,EXTERNAL,EC638,Term
EXTERNAL,Demo Course,EXTERNAL,EC639,Term
EXTERNAL,Demo Course,EXTERNAL,EC640,Term
EXTERNAL,Demo Course,EXTERNAL,EC641,Term
EXTERNAL,Demo Course,EXTERNAL,EC642,Term
EXTERNAL,Demo Course,EXTERNAL,EC643,Term
EXTERNAL,Demo Course,EXTERNAL,EC644,Term
EXTERNAL,Demo Course,EXTERNAL,EC645,Term
EXTERNAL,Demo Course,EXTERNAL,EC646,Term
EXTERNAL,Demo Course,EXTERNAL,EC647,Term
EXTERNAL,Demo Course,EXTERNAL,EC648,Term
EXTERNAL,Demo Course,EXTERNAL,EC649,Term
EXTERNAL,Demo Course,EXTERNAL,EC650,Term
EXTERNAL,Demo Course,EXTERNAL,EC651,Term
EXTERNAL,Demo Course,EXTERNAL,EC652,Term
EXTERNAL,Demo Course,EXTERNAL,EC653,Term
EXTERNAL,Demo Course,EXTERNAL,EC654,Term
EXTERNAL,Demo Course,EXTERNAL,EC655,Term
EXTERNAL,Demo Course,EXTERNAL,EC656,Term
EXTERNAL,Demo Course,EXTERNAL,EC657,Term
EXTERNAL,Demo Course,EXTERNAL,EC658,Term
EXTERNAL,Demo Course,EXTERNAL,EC659,Term
EXTERNAL,Demo Course,EXTERNAL,EC660,Term
EXTERNAL,Demo Course,EXTERNAL,EC661,Term
EXTERNAL,Demo Course,EXTERNAL,EC662,Term
EXTERNAL,Demo Course,EXTERNAL,EC663,Term
EXTERNAL,Demo Course,EXTERNAL,EC664,Term
EXTERNAL,Demo Course,EXTERNAL,EC665,Term
EXTERNAL,Demo Course,EXTERNAL,EC666,Term
EXTERNAL,Demo Course,EXTERNAL,EC667,Term
EXTERNAL,Demo Course,EXTERNAL,EC668,Term
EXTERNAL,Demo Course,EXTERNAL,EC669,Term
EXTERNAL,Demo Course,EXTERNAL,EC670,Term
EXTERNAL,Demo Course,EXTERNAL,EC671,Term
EXTERNAL,Demo Course,EXTERNAL,EC672,Term
EXTERNAL,Demo Course,EXTERNAL,EC673,Term
EXTERNAL,Demo Course,EXTERNAL,EC674,Term
EXTERNAL,Demo Course,EXTERNAL,EC675,Term
EXTERNAL,Demo Course,EXTERNAL,EC676,Term
EXTERNAL,Demo Course,EXTERNAL,EC677,Term
EXTERNAL,Demo Course,EXTERNAL,EC678,Term
EXTERNAL,Demo Course,EXTERNAL,EC679,Term
EXTERNAL,Demo Course,EXTERNAL,EC680,Term
EXTERNAL,Demo Course,EXTERNAL,EC681,Term
EXTERNAL,Demo Course,EXTERNAL,EC682,Term
EXTERNAL,Demo Course,EXTERNAL,EC683,Term
EXTERNAL,Demo Course,EXTERNAL,EC684,Term
EXTERNAL,Demo Course,EXTERNAL,EC685,Term
EXTERNAL,Demo Course,EXTERNAL,EC686,Term
EXTERNAL,Demo Course,EXTERNAL,EC687,Term
EXTERNAL,Demo Course,EXTERNAL,EC688,Term
EXTERNAL,Demo Course,EXTERNAL,EC689,Term
EXTERNAL,Demo Course,EXTERNAL,EC690,Term
EXTERNAL,Demo Course,EXTERNAL,EC691,Term
EXTERNAL,Demo Course,EXTERNAL,EC692,Term
EXTERNAL,Demo Course,EXTERNAL,EC693,Term
EXTERNAL,Demo Course,EXTERNAL,EC694,Term
EXTERNAL,Demo Course,EXTERNAL,EC695,Term
EXTERNAL,Demo Course,EXTERNAL,EC696,Term
EXTERNAL,Demo Course,EXTERNAL,EC697,Term
EXTERNAL,Demo Course,EXTERNAL,EC698,Term
EXTERNAL,Demo Course,EXTERNAL,EC699,Term
EXTERNAL,Demo Course,EXTERNAL,EC700,Term
EXTERNAL,Demo Course,EXTERNAL,EC701,Term
EXTERNAL,Demo Course,EXTERNAL,EC702,Term
EXTERNAL,Demo Course,EXTERNAL,EC703,Term
EXTERNAL,Demo Course,EXTERNAL,EC704,Term
EXTERNAL,Demo Course,EXTERNAL,EC705,Term
EXTERNAL,Demo Course,EXTERNAL,EC706,Term
EXTERNAL,Demo Course,EXTERNAL,EC707,Term
EXTERNAL,Demo Course,EXTERNAL,EC708,Term
EXTERNAL,Demo Course,EXTERNAL,EC709,Term
EXTERNAL,Demo Course,EXTERNAL,EC710,Term
EXTERNAL,Demo Course,EXTERNAL,EC711,Term
EXTERNAL,Demo Course,EXTERNAL,EC712,Term
EXTERNAL,Demo Course,EXTERNAL,EC713,Term
EXTERNAL,Demo Course,EXTERNAL,EC714,Term
EXTERNAL,Demo Course,EXTERNAL,EC715,Term
EXTERNAL,Demo Course,EXTERNAL,EC716,Term
EXTERNAL,Demo Course,EXTERNAL,EC717,Term
EXTERNAL,Demo Course,EXTERNAL,EC718,Term
EXTERNAL,Demo Course,EXTERNAL,EC719,Term
EXTERNAL,Demo Course,EXTERNAL,EC720,Term
EXTERNAL,Demo Course,EXTERNAL,EC721,Term
EXTERNAL,Demo Course,EXTERNAL,EC722,Term
EXTERNAL,Demo Course,EXTERNAL,EC723,Term
EXTERNAL,Demo Course,EXTERNAL,EC724,Term
EXTERNAL,Demo Course,EXTERNAL,EC725,Term
EXTERNAL,Demo Course,EXTERNAL,EC726,Term
EXTERNAL,Demo Course,EXTERNAL,EC727,Term
EXTERNAL,Demo Course,EXTERNAL,EC728,Term
EXTERNAL,Demo Course,EXTERNAL,EC729,Term
EXTERNAL,Demo Course,EXTERNAL,EC730,Term
EXTERNAL,Demo Course,EXTERNAL,EC731,Term
EXTERNAL,Demo Course,EXTERNAL,EC732,Term
EXTERNAL,Demo Course,EXTERNAL,EC733,Term
EXTERNAL,Demo Course,EXTERNAL,EC734,Term
EXTERNAL,Demo Course,EXTERNAL,EC735,Term
EXTERNAL,Demo Course,EXTERNAL,EC736,Term
EXTERNAL,Demo Course,EXTERNAL,EC737,Term
EXTERNAL,Demo Course,EXTERNAL,EC738,Term
EXTERNAL,Demo Course,EXTERNAL,EC739,Term
EXTERNAL,Demo Course,EXTERNAL,EC740,Term
EXTERNAL,Demo Course,EXTERNAL,EC741,Term
EXTERNAL,Demo Course,EXTERNAL,EC742,Term
EXTERNAL,Demo Course,EXTERNAL,EC743,Term
EXTERNAL,Demo Course,EXTERNAL,EC744,Term
EXTERNAL,Demo Course,EXTERNAL,EC745,Term
EXTERNAL,Demo Course,EXTERNAL,EC746,Term
EXTERNAL,Demo Course,EXTERNAL,EC747,Term
EXTERNAL,Demo Course,EXTERNAL,EC748,Term
EXTERNAL,Demo Course,EXTERNAL,EC749,Term
EXTERNAL,Demo Course,EXTERNAL,EC750,Term
EXTERNAL,Demo Course,EXTERNAL,EC751,Term
EXTERNAL,Demo Course,EXTERNAL,EC752,Term
EXTERNAL,Demo Course,EXTERNAL,EC753,Term
EXTERNAL,Demo Course,EXTERNAL,EC754,Term
EXTERNAL,Demo Course,EXTERNAL,EC755,Term
EXTERNAL,Demo Course,EXTERNAL,EC756,Term
EXTERNAL,Demo Course,EXTERNAL,EC757,Term
EXTERNAL,Demo Course,EXTERNAL,EC758,Term
EXTERNAL,Demo Course,EXTERNAL,EC759,Term
EXTERNAL,Demo Course,EXTERNAL,EC760,Term
EXTERNAL,Demo Course,EXTERNAL,EC761,Term
EXTERNAL,Demo Course,EXTERNAL,EC762,Term
EXTERNAL,Demo Course,EXTERNAL,EC763,Term
EXTERNAL,Demo Course,EXTERNAL,EC764,Term
EXTERNAL,Demo Course,EXTERNAL,EC765,Term
EXTERNAL,Demo Course,EXTERNAL,EC766,Term
EXTERNAL,Demo Course,EXTERNAL,EC767,Term
EXTERNAL,Demo Course,EXTERNAL,EC768,Term
EXTERNAL,Demo Course,EXTERNAL,EC769,Term
EXTERNAL,Demo Course,EXTERNAL,EC770,Term
EXTERNAL,Demo Course,EXTERNAL,EC771,Term
EXTERNAL,Demo Course,EXTERNAL,EC772,Term
EXTERNAL,Demo Course,EXTERNAL,EC773,Term
EXTERNAL,Demo Course,EXTERNAL,EC774,Term
EXTERNAL,Demo Course,EXTERNAL,EC775,Term
EXTERNAL,Demo Course,EXTERNAL,EC776,Term
EXTERNAL,Demo Course,EXTERNAL,EC777,Term
EXTERNAL,Demo Course,EXTERNAL,EC778,Term
EXTERNAL,Demo Course,EXTERNAL,EC779,Term
EXTERNAL,Demo Course,EXTERNAL,EC780,Term
EXTERNAL,Demo Course,EXTERNAL,EC781,Term
EXTERNAL,Demo Course,EXTERNAL,EC782,Term
EXTERNAL,Demo Course,EXTERNAL,EC783,Term
EXTERNAL,Demo Course,EXTERNAL,EC784,Term
EXTERNAL,Demo Course,EXTERNAL,EC785,Term
EXTERNAL,Demo Course,EXTERNAL,EC786,Term
EXTERNAL,Demo Course,EXTERNAL,EC787,Term
EXTERNAL,Demo Course,EXTERNAL,EC788,Term
EXTERNAL,Demo Course,EXTERNAL,EC789,Term
EXTERNAL,Demo Course,EXTERNAL,EC790,Term
EXTERNAL,Demo Course,EXTERNAL,EC791,Term
EXTERNAL,Demo Course,EXTERNAL,EC792,Term
EXTERNAL,Demo Course,EXTERNAL,EC793,Term
EXTERNAL,Demo Course,EXTERNAL,EC794,Term
EXTERNAL,Demo Course,EXTERNAL,EC795,Term
EXTERNAL,Demo Course,EXTERNAL,EC796,Term
EXTERNAL,Demo Course,EXTERNAL,EC797,Term
EXTERNAL,Demo Course,EXTERNAL,EC798,Term
EXTERNAL,Demo Course,EXTERNAL,EC799,Term
EXTERNAL,Demo Course,EXTERNAL,EC800,Term
EXTERNAL,Demo Course,EXTERNAL,EC801,Term
EXTERNAL,Demo Course,EXTERNAL,EC802,Term
EXTERNAL,Demo Course,EXTERNAL,EC803,Term
EXTERNAL,Demo Course,EXTERNAL,EC804,Term
EXTERNAL,Demo Course,EXTERNAL,EC805,Term
EXTERNAL,Demo Course,EXTERNAL,EC806,Term
EXTERNAL,Demo Course,EXTERNAL,EC807,Term
EXTERNAL,Demo Course,EXTERNAL,EC808,Term
EXTERNAL,Demo Course,EXTERNAL,EC809,Term
EXTERNAL,Demo Course,EXTERNAL,EC810,Term
EXTERNAL,Demo Course,EXTERNAL,EC811,Term
EXTERNAL,Demo Course,EXTERNAL,EC812,Term
EXTERNAL,Demo Course,EXTERNAL,EC813,Term
EXTERNAL,Demo Course,EXTERNAL,EC814,Term
EXTERNAL,Demo Course,EXTERNAL,EC815,Term
EXTERNAL,Demo Course,EXTERNAL,EC816,Term
EXTERNAL,Demo Course,EXTERNAL,EC817,Term
EXTERNAL,Demo Course,EXTERNAL,EC818,Term
EXTERNAL,Demo Course,EXTERNAL,EC819,Term
EXTERNAL,Demo Course,EXTERNAL,EC820,Term
EXTERNAL,Demo Course,EXTERNAL,EC821,Term
EXTERNAL,Demo Course,EXTERNAL,EC822,Term
EXTERNAL,Demo Course,EXTERNAL,EC823,Term
EXTERNAL,Demo Course,EXTERNAL,EC824,Term
EXTERNAL,Demo Course,EXTERNAL,EC825,Term
EXTERNAL,Demo Course,EXTERNAL,EC826,Term
EXTERNAL,Demo Course,EXTERNAL,EC827,Term
EXTERNAL,Demo Course,EXTERNAL,EC828,Term
EXTERNAL,Demo Course,EXTERNAL,EC829,Term
EXTERNAL,Demo Course,EXTERNAL,EC830,Term
EXTERNAL,Demo Course,EXTERNAL,EC831,Term
EXTERNAL,Demo Course,EXTERNAL,EC832,Term
EXTERNAL,Demo Course,EXTERNAL,EC833,Term
EXTERNAL,Demo Course,EXTERNAL,EC834,Term
EXTERNAL,Demo Course,EXTERNAL,EC835,Term
EXTERNAL,Demo Course,EXTERNAL,EC836,Term
EXTERNAL,Demo Course,EXTERNAL,EC837,Term
EXTERNAL,Demo Course,EXTERNAL,EC838,Term
EXTERNAL,Demo Course,EXTERNAL,EC839,Term
EXTERNAL,Demo Course,EXTERNAL,EC840,Term
EXTERNAL,Demo Course,EXTERNAL,EC841,Term
EXTERNAL,Demo Course,EXTERNAL,EC842,Term
EXTERNAL,Demo Course,EXTERNAL,EC843,Term
EXTERNAL,Demo Course,EXTERNAL,EC844,Term
EXTERNAL,Demo Course,EXTERNAL,EC845,Term
EXTERNAL,Demo Course,EXTERNAL,EC846,Term
EXTERNAL,Demo Course,EXTERNAL,EC847,Term
EXTERNAL,Demo Course,EXTERNAL,EC848,Term
EXTERNAL,Demo Course,EXTERNAL,EC849,Term
EXTERNAL,Demo Course,EXTERNAL,EC850,Term
EXTERNAL,Demo Course,EXTERNAL,EC851,Term
EXTERNAL,Demo Course,EXTERNAL,EC852,Term
EXTERNAL,Demo Course,EXTERNAL,EC853,Term
EXTERNAL,Demo Course,EXTERNAL,EC854,Term
EXTERNAL,Demo Course,EXTERNAL,EC855,Term
EXTERNAL,Demo Course,EXTERNAL,EC856,Term
EXTERNAL,Demo Course,EXTERNAL,EC857,Term
EXTERNAL,Demo Course,EXTERNAL,EC858,Term
EXTERNAL,Demo Course,EXTERNAL,EC859,Term
EXTERNAL,Demo Course,EXTERNAL,EC860,Term
EXTERNAL,Demo Course,EXTERNAL,EC861,Term
EXTERNAL,Demo Course,EXTERNAL,EC862,Term
EXTERNAL,Demo Course,EXTERNAL,EC863,Term
EXTERNAL,Demo Course,EXTERNAL,EC864,Term
EXTERNAL,Demo Course,EXTERNAL,EC865,Term
EXTERNAL,Demo Course,EXTERNAL,EC866,Term
EXTERNAL,Demo Course,EXTERNAL,EC867,Term
EXTERNAL,Demo Course,EXTERNAL,EC868,Term
EXTERNAL,Demo Course,EXTERNAL,EC869,Term
EXTERNAL,Demo Course,EXTERNAL,EC870,Term
EXTERNAL,Demo Course,EXTERNAL,EC871,Term
EXTERNAL,Demo Course,EXTERNAL,EC872,Term
EXTERNAL,Demo Course,EXTERNAL,EC873,Term
EXTERNAL,Demo Course,EXTERNAL,EC874,Term
EXTERNAL,Demo Course,EXTERNAL,EC875,Term
EXTERNAL,Demo Course,EXTERNAL,EC876,Term
EXTERNAL,Demo Course,EXTERNAL,EC877,Term
EXTERNAL,Demo Course,EXTERNAL,EC878,Term
EXTERNAL,Demo Course,EXTERNAL,EC879,Term
EXTERNAL,Demo Course,EXTERNAL,EC880,Term
EXTERNAL,Demo Course,EXTERNAL,EC881,Term
EXTERNAL,Demo Course,EXTERNAL,EC882,Term
EXTERNAL,Demo Course,EXTERNAL,EC883,Term
EXTERNAL,Demo Course,EXTERNAL,EC884,Term
EXTERNAL,Demo Course,EXTERNAL,EC885,Term
EXTERNAL,Demo Course,EXTERNAL,EC886,Term
EXTERNAL,Demo Course,EXTERNAL,EC887,Term
EXTERNAL,Demo Course,EXTERNAL,EC888,Term
EXTERNAL,Demo Course,EXTERNAL,EC889,Term
EXTERNAL,Demo Course,EXTERNAL,EC890,Term
EXTERNAL,Demo Course,EXTERNAL,EC891,Term
EXTERNAL,Demo Course,EXTERNAL,EC892,Term
EXTERNAL,Demo Course,EXTERNAL,EC893,Term
EXTERNAL,Demo Course,EXTERNAL,EC894,Term
EXTERNAL,Demo Course,EXTERNAL,EC895,Term
EXTERNAL,Demo Course,EXTERNAL,EC896,Term
EXTERNAL,Demo Course,EXTERNAL,EC897,Term
EXTERNAL,Demo Course,EXTERNAL,EC898,Term
EXTERNAL,Demo Course,EXTERNAL,EC899,Term
EXTERNAL,Demo Course,EXTERNAL,EC900,Term
EXTERNAL,Demo Course,EXTERNAL,EC901,Term
EXTERNAL,Demo Course,EXTERNAL,EC902,Term
EXTERNAL,Demo Course,EXTERNAL,EC903,Term
EXTERNAL,Demo Course,EXTERNAL,EC904,Term
EXTERNAL,Demo Course,EXTERNAL,EC905,Term
EXTERNAL,Demo Course,EXTERNAL,EC906,Term
EXTERNAL,Demo Course,EXTERNAL,EC907,Term
EXTERNAL,Demo Course,EXTERNAL,EC908,Term
EXTERNAL,Demo Course,EXTERNAL,EC909,Term
EXTERNAL,Demo Course,EXTERNAL,EC910,Term
EXTERNAL,Demo Course,EXTERNAL,EC911,Term
EXTERNAL,Demo Course,EXTERNAL,EC912,Term
EXTERNAL,Demo Course,EXTERNAL,EC913,Term
EXTERNAL,Demo Course,EXTERNAL,EC914,Term
EXTERNAL,Demo Course,EXTERNAL,EC915,Term
EXTERNAL,Demo Course,EXTERNAL,EC916,Term
EXTERNAL,Demo Course,EXTERNAL,EC917,Term
EXTERNAL,Demo Course,EXTERNAL,EC918,Term
EXTERNAL,Demo Course,EXTERNAL,EC919,Term
EXTERNAL,Demo Course,EXTERNAL,EC920,Term
EXTERNAL,Demo Course,EXTERNAL,EC921,Term
EXTERNAL,Demo Course,EXTERNAL,EC922,Term
EXTERNAL,Demo Course,EXTERNAL,EC923,Term
EXTERNAL,Demo Course,EXTERNAL,EC924,Term
EXTERNAL,Demo Course,EXTERNAL,EC925,Term
EXTERNAL,Demo Course,EXTERNAL,EC926,Term
EXTERNAL,Demo Course,EXTERNAL,EC927,Term
EXTERNAL,Demo Course,EXTERNAL,EC928,Term
EXTERNAL,Demo Course,EXTERNAL,EC929,Term
EXTERNAL,Demo Course,EXTERNAL,EC930,Term
EXTERNAL,Demo Course,EXTERNAL,EC931,Term
EXTERNAL,Demo Course,EXTERNAL,EC932,Term
EXTERNAL,Demo Course,EXTERNAL,EC933,Term
EXTERNAL,Demo Course,EXTERNAL,EC934,Term
EXTERNAL,Demo Course,EXTERNAL,EC935,Term
EXTERNAL,Demo Course,EXTERNAL,EC936,Term
EXTERNAL,Demo Course,EXTERNAL,EC937,Term
EXTERNAL,Demo Course,EXTERNAL,EC938,Term
EXTERNAL,Demo Course,EXTERNAL,EC939,Term
EXTERNAL,Demo Course,EXTERNAL,EC940,Term
EXTERNAL,Demo Course,EXTERNAL,EC941,Term
EXTERNAL,Demo Course,EXTERNAL,EC942,Term
EXTERNAL,Demo Course,EXTERNAL,EC943,Term
EXTERNAL,Demo Course,EXTERNAL,EC944,Term
EXTERNAL,Demo Course,EXTERNAL,EC945,Term
EXTERNAL,Demo Course,EXTERNAL,EC946,Term
EXTERNAL,Demo Course,EXTERNAL,EC947,Term
EXTERNAL,Demo Course,EXTERNAL,EC948,Term
EXTERNAL,Demo Course,EXTERNAL,EC949,Term
EXTERNAL,Demo Course,EXTERNAL,EC950,Term
EXTERNAL,Demo Course,EXTERNAL,EC951,Term
EXTERNAL,Demo Course,EXTERNAL,EC952,Term
EXTERNAL,Demo Course,EXTERNAL,EC953,Term
EXTERNAL,Demo Course,EXTERNAL,EC954,Term
EXTERNAL,Demo Course,EXTERNAL,EC955,Term
EXTERNAL,Demo Course,EXTERNAL,EC956,Term
EXTERNAL,Demo Course,EXTERNAL,EC957,Term
EXTERNAL,Demo Course,EXTERNAL,EC958,Term
EXTERNAL,Demo Course,EXTERNAL,EC959,Term
EXTERNAL,Demo Course,EXTERNAL,EC960,Term
EXTERNAL,Demo Course,EXTERNAL,EC961,Term
EXTERNAL,Demo Course,EXTERNAL,EC962,Term
EXTERNAL,Demo Course,EXTERNAL,EC963,Term
EXTERNAL,Demo Course,EXTERNAL,EC964,Term
EXTERNAL,Demo Course,EXTERNAL,EC965,Term
EXTERNAL,Demo Course,EXTERNAL,EC966,Term
EXTERNAL,Demo Course,EXTERNAL,EC967,Term
EXTERNAL,Demo Course,EXTERNAL,EC968,Term
EXTERNAL,Demo Course,EXTERNAL,EC969,Term
EXTERNAL,Demo Course,EXTERNAL,EC970,Term
EXTERNAL,Demo Course,EXTERNAL,EC971,Term
EXTERNAL,Demo Course,EXTERNAL,EC972,Term
EXTERNAL,Demo Course,EXTERNAL,EC973,Term
EXTERNAL,Demo Course,EXTERNAL,EC974,Term
EXTERNAL,Demo Course,EXTERNAL,EC975,Term
EXTERNAL,Demo Course,EXTERNAL,EC976,Term
EXTERNAL,Demo Course,EXTERNAL,EC977,Term
EXTERNAL,Demo Course,EXTERNAL,EC978,Term
EXTERNAL,Demo Course,EXTERNAL,EC979,Term
EXTERNAL,Demo Course,EXTERNAL,EC980,Term
EXTERNAL,Demo Course,EXTERNAL,EC981,Term
EXTERNAL,Demo Course,EXTERNAL,EC982,Term
EXTERNAL,Demo Course,EXTERNAL,EC983,Term
EXTERNAL,Demo Course,EXTERNAL,EC984,Term
EXTERNAL,Demo Course,EXTERNAL,EC985,Term
EXTERNAL,Demo Course,EXTERNAL,EC986,Term
EXTERNAL,Demo Course,EXTERNAL,EC987,Term
EXTERNAL,Demo Course,EXTERNAL,EC988,Term
EXTERNAL,Demo Course,EXTERNAL,EC989,Term
EXTERNAL,Demo Course,EXTERNAL,EC990,Term
EXTERNAL,Demo Course,EXTERNAL,EC991,Term
EXTERNAL,Demo Course,EXTERNAL,EC992,Term
EXTERNAL,Demo Course,EXTERNAL,EC993,Term
EXTERNAL,Demo Course,EXTERNAL,EC994,Term
EXTERNAL,Demo Course,EXTERNAL,EC995,Term
EXTERNAL,Demo Course,EXTERNAL,EC996,Term
EXTERNAL,Demo Course,EXTERNAL,EC997,Term
EXTERNAL,Demo Course,EXTERNAL,EC998,Term
EXTERNAL,Demo Course,EXTERNAL,EC999,Term
EXTERNAL,Demo Course,EXTERNAL,EC1000,Term